Insert Into Empresa Values(default,'MudMar','1305760704001');

Insert Into Ciudad Values(default,'Manta','Manabi');
Insert Into Ciudad Values(default,'Portoviejo','Manabi');
Insert Into Ciudad Values(default,'Quevedo','Manabi');
Insert Into Ciudad Values(default,'Santa Elena','Guayas');
Insert Into Ciudad Values(default,'Calceta','Manabi');
Insert Into Ciudad Values(default,'Guayaquil','Guayas');
Insert Into Ciudad Values(default,'Quito','Pichincha');
Insert Into Ciudad Values(default,'Cuenca','Pichincha');
Insert Into Ciudad Values(default,'Pedro Carbo','Guayas');


Insert Into Sucursal Values(default,1,1,'0985046524','MATRIZ','10 de Agosto 2120 y Av 25 de Junio');
Insert Into Sucursal Values(default,1,2,'0926106850','SUCURSAL','Letamendi 2413 y Tungurahua');
Insert Into Sucursal Values(default,1,2,'0987627178','SUCURSAL','El Oro 1305 y Guaranda');
Insert Into Sucursal Values(default,1,4,'0928445842','SUCURSAL','Av Quito 4531 y Oconnor');
Insert Into Sucursal Values(default,1,5,'0986827273','SUCURSAL','Av de Las Américas 603');
Insert Into Sucursal Values(default,1,3,'0982308772','SUCURSAL','Av. De la Prensa N60-76 y Av. Del Maestro');
Insert Into Sucursal Values(default,1,6,'0983547538','SUCURSAL','Santiago 131');

Insert Into Tipo_empleado Values(DEFAULT,'Asesor');
Insert Into Tipo_empleado Values(DEFAULT,'Conductor');
Insert Into Tipo_empleado Values(DEFAULT,'Carga');
Insert Into Tipo_empleado Values(DEFAULT,'Oficina');
Insert Into Tipo_empleado Values(DEFAULT,'Contabilidad');



Insert Into Empleado Values('1311021337',2,1,'Marcelo Lázaro','Rubiales Tebar','1970-05-22','2018-04-03','0980255886','Av De Las Américas Y J Alavedra Tama');
Insert Into Empleado Values('1313253065',2,2,'Estanislao Camilo','Hernanz Chinea','1982-02-02','2016-04-03','0981214457','Cdla. Bolivariana Mz G Solar 15');
Insert Into Empleado Values('1317630054',2,3,'Graciano Apolinar','Cases Hevia','1989-07-03','2017-04-03','0958407200','Isla Santiago N44-28 Y Rio Coca');

Insert Into Empleado Values('1318305634',1,1,'Jorge Sancho','Villar Losa','1980-11-03','2015-04-03','0977281831','Capri E6-200 Y Av. Alfaro');
Insert Into Empleado Values('1313888502',1,2,'José Manuel','Sola Sandoval','1999-10-14','2016-04-03','0971013068','San Gabriel Entre Nuño De Valderrama Y Calle A');
Insert Into Empleado Values('1311845258',1,3,'Lisandro Pablo','Malagon Pino','1987-04-10','2018-04-03','0913184021','De Los Eucaliptos E1-37 Y Panam.Norte');

Insert Into Empleado Values('1313856666',3,1,'Noé Mauricio','Manzanares Ugalde','1987-04-20','2018-04-03','0915161414','Toledo N23-126 Y Madrid. Ed. Munich. Of. 13');
Insert Into Empleado Values('1312477118',3,2,'Severiano Adán','Bonet Escudero','1979-05-14','2018-04-03','0928787771','10 De Agosto 1537 E/ Sucre Y 18 De Noviembre');
Insert Into Empleado Values('1311246782',3,3,'Reyes Fermín','Barreiro Corredor','1999-02-19','2018-04-03','0982841200','San Martín 301 Y Chile');

Insert Into Empleado Values('1314265182',4,1,'Geraldo Josué','Gordon Barreto','1982-11-12','2017-04-03','0931502882','Matilde De Procel 245 Y Mariana De Jesus Capelo');
Insert Into Empleado Values('1311086031',4,2,'Jeremías Teodosio','Oliver Montiel','1972-12-16','2017-04-03','0976357743','Alcedo 1610 Y Tungurahua');
Insert Into Empleado Values('1312256857',4,3,'Luisito Gastón','Gago Manrique','1989-01-23','2017-04-03','0947508133','Vía Daule Km 6.5 Y Av J Tanca Marengo');

Insert Into Empleado Values('1316740682',5,1,'César Nazario','Piera Puga','1985-07-12','2015-04-03','0920450850','Mariana De Jesús E3-40 Y Alemania');
Insert Into Empleado Values('1314077304',5,2,'Moisés Tercero','Molto Magaña','1973-10-15','2015-04-03','0965486377','Calle 20 Y Av. Malecón');
Insert Into Empleado Values('1312227601',5,3,'Eloy Luis','Vieira Almansa','1987-04-03','2015-04-03','0985835753','Av Quito 4531 Y Oconnor');

Insert Into Empleado Values('1311632701',6,1,'David Gutierre','Ferrero Viña','1982-12-10','2018-04-03','0920618350','Robles 505 Y Fco Segura');
Insert Into Empleado Values('1314315178',6,2,'Nacio Sosimo','Alegre Fajardo','1992-09-08','2018-04-03','0982850528','Quisquis 1502 Y Tulcan 2do Piso Ofic. 201');
Insert Into Empleado Values('1317278366',6,3,'Eric Adalberto','Ortiz Jimeno','1998-07-01','2018-04-03','0973030740','S. Bolívar 9-52 Y Padre Aguirre');

Insert Into Empleado Values('1310204316',7,1,'Fito Jaime','Lumbreras Cañadas','1998-12-12','2018-04-03','0932716876','Escobedo 1308 E/ Luque Y Vélez');
Insert Into Empleado Values('1316771080',7,2,'Cayetano Inocencio','Heras Palacios','1987-08-15','2018-04-03','0937784187','Av Fco De Orellana C.C. Orellana Piso 2');
Insert Into Empleado Values('1310581065',7,3,'Celestino Salvador','Valbuena Vinuesa','1985-03-03','2018-04-03','0955588877','Km. 4.5 Durán Tambo');


Insert Into Vehiculo Values(DEFAULT,'MHF-2191','Chevrolet');
Insert Into Vehiculo Values(DEFAULT,'MMA-3223','Chevrolet');
Insert Into Vehiculo Values(DEFAULT,'GYE-3123','Chevrolet');
Insert Into Vehiculo Values(DEFAULT,'MDH-7213','Chevrolet');
Insert Into Vehiculo Values(DEFAULT,'MMA-1822','Chevrolet');
Insert Into Vehiculo Values(DEFAULT,'MSH-1527','Chevrolet');
Insert Into Vehiculo Values(DEFAULT,'HSY-1971','Chevrolet');


Insert Into Cliente Values('1739205748','Pánfilo Héctor','Murcia Guevara','9 De Octubre Y Escobedo','0984537931',2);
Insert Into Cliente Values('1385912658','Natividad Gabriela','Correas Gimenez','Miraflores Y Cordova','0909878954',2);
Insert Into Cliente Values('1371849381','Carlito Tiburcio','Lopez Garzon','José Mascote 101','0948885775',2);
Insert Into Cliente Values('1300883484','Inocencio Marcelo','Carbonell Valcarcel','Av. 6 De Diciembre N47-241 Y Samuel Fritz (El Inca)','0976815407',2);
Insert Into Cliente Values('1366753750','Maikel Rosaura','Vaca Zarate','C.C. Albanborja Piso 2 Local 88','0927218153',2);
Insert Into Cliente Values('1310216226','Javiera Charo','Estepa Gines','Av. Amazonas Y Ramirez Davalos Esq, Edf. Turismundial','0935386518',2);
Insert Into Cliente Values('1347021828','Anselma Juancho','Puentes Saez','Febres Cordero Y Sargento Vargas Mercado','0917215008',0);
Insert Into Cliente Values('1322575672','Calista Paca','Fariñas Granero','Elizalde 117 Y Pichincha 3er. Piso','0965016713',0);
Insert Into Cliente Values('1362141486','Baldomero Candelaria','Bajo Ugalde','Av Olmedo 401 Y Boyacá','0915335123',0);
Insert Into Cliente Values('1387511635','Gisela Gertrudis','Tejero Miñano','Km.16 1/2 Vía Daule Calle Cobre E/ Av Pascuales Y Río Daule','0956603660',0);
Insert Into Cliente Values('1386121320','Joaquín Adelita','Valbuena Amado','Latinoamérica 118 Y Remigio Crespo','0941851058',0);



Insert Into Solicitud Values(DEFAULT,1,6,'1739205748',null,'Miraflores Y Cordova','9 De Octubre Y Escobedo','2018-05-03');
Insert Into Solicitud Values(DEFAULT,3,4,'1385912658',null,'Av P Menéndez Gilbert','Telégrafo Primero Oe2-149 Y Av.la Prensa','2019-05-15');
Insert Into Solicitud Values(DEFAULT,1,7,'1371849381',null,'Italia N32-74 y Mariana de Jesús','Catarama E2-76 y Zumbagua','2018-12-04');
Insert Into Solicitud Values(DEFAULT,8,1,'1300883484',null,'Ucubamba S/N Vía a Paccha 1ra. Transversal','Av.amazonas 5160 E Isla Floreana','2018-11-19');
Insert Into Solicitud Values(DEFAULT,4,3,'1366753750',null,'Av. Juan Molineros E9-255 y de los Jazmines','Av. Remigio Crespo y Esmeraldas','2018-02-17');
Insert Into Solicitud Values(DEFAULT,2,9,'1310216226',null,'Av Fco de Orellana C.C. Orellana Piso 2','Escobedo 1308 E/ Luque y Vélez','2019-11-30');
Insert Into Solicitud Values(DEFAULT,9,8,'1739205748',null,'Av Solano 9-61 y B Andrade','Manuel Galecio 1502 y Esmeraldas','2019-04-22');
Insert Into Solicitud Values(DEFAULT,5,6,'1385912658',null,'Cdla Las Orquídeas Mz 75 Villa 27-28','Fco. Pacheco y Fco. P. Moreira','2019-10-25');
Insert Into Solicitud Values(DEFAULT,3,9,'1371849381',null,'Chimborazo 411','Octavio Cordero 3-16 y Gaspar Sangurima','2018-07-07');
Insert Into Solicitud Values(DEFAULT,4,8,'1300883484',null,'Av Fco de Orellana y Justino Cornejo Ps 12','Pasaje Salazar Gómez #108 y Bolivia','2019-06-12');
Insert Into Solicitud Values(DEFAULT,2,7,'1366753750',null,'Los Ríos 501 y Luis Urdaneta','Av de las Américas y Av Isidro Ayora','2018-04-03');
Insert Into Solicitud Values(DEFAULT,9,1,'1310216226',null,'Ayacucho 1006 y M Laniado Esq','Fray V. Solano 5-16 y Remigio Crespo T','2019-03-14');



Insert Into Mudanza Values(DEFAULT,1,1,25,100,'2019-08-15','2019-08-16');
Insert Into Mudanza Values(DEFAULT,2,2,10,150,'2019-09-11','2019-09-13');
Insert Into Mudanza Values(DEFAULT,3,3,30,250,'2019-02-01','2019-02-03');
Insert Into Mudanza Values(DEFAULT,4,4,10,300,'2019-07-18','2019-07-19');
Insert Into Mudanza Values(DEFAULT,5,5,21,200,'2020-11-11','2020-11-12');
Insert Into Mudanza Values(DEFAULT,6,6,23,160,'2019-08-07','2019-08-08');
Insert Into Mudanza Values(DEFAULT,7,7,30,170,'2019-08-19','2019-08-20');
Insert Into Mudanza Values(DEFAULT,8,3,10,180,'2020-08-21','2020-08-22');
Insert Into Mudanza Values(DEFAULT,9,2,11,190,'2019-06-15','2019-06-16');
Insert Into Mudanza Values(DEFAULT,10,1,20,198,'2019-08-29','2019-08-30');
Insert Into Mudanza Values(DEFAULT,11,1,25,158,'2021-04-12','2021-04-13');
Insert Into Mudanza Values(DEFAULT,12,1,11,200,'2019-05-16','2019-05-18');

Update Solicitud set mudanza_id = 1 where solicitud_id = 1;
Update Solicitud set mudanza_id = 2 where solicitud_id = 2;
Update Solicitud set mudanza_id = 3 where solicitud_id = 3;
Update Solicitud set mudanza_id = 4 where solicitud_id = 4;
Update Solicitud set mudanza_id = 5 where solicitud_id = 5;
Update Solicitud set mudanza_id = 6 where solicitud_id = 6;
Update Solicitud set mudanza_id = 7 where solicitud_id = 7;
Update Solicitud set mudanza_id = 8 where solicitud_id = 8;
Update Solicitud set mudanza_id = 9 where solicitud_id = 9;
Update Solicitud set mudanza_id = 10 where solicitud_id = 10;
Update Solicitud set mudanza_id = 11 where solicitud_id = 11;
Update Solicitud set mudanza_id = 12 where solicitud_id = 12;

Insert Into Incidencia Values(DEFAULT,'Reclamo por daños en muebles');
Insert Into Incidencia Values(DEFAULT,'Reclamo por daños en electrodomésticos');
Insert Into Incidencia Values(DEFAULT,'Reclamo por retraso en la entrega');


Insert Into Mudanza_incidencia Values(DEFAULT,1,1);
Insert Into Mudanza_incidencia Values(DEFAULT,2,1);
Insert Into Mudanza_incidencia Values(DEFAULT,3,1);
Insert Into Mudanza_incidencia Values(DEFAULT,4,2);
Insert Into Mudanza_incidencia Values(DEFAULT,6,3);
Insert Into Mudanza_incidencia Values(DEFAULT,7,2);
Insert Into Mudanza_incidencia Values(DEFAULT,11,1);



Insert Into Articulo_mudanza Values(DEFAULT,1,'Televisor','Sony',2,1,200);
Insert Into Articulo_mudanza Values(DEFAULT,1,'Lavadora','Mabe',3,1,400);
Insert Into Articulo_mudanza Values(DEFAULT,2,'Televisor','Sony',2,1,200);
Insert Into Articulo_mudanza Values(DEFAULT,2,'Lavadora','Mabe',3,1,400);
Insert Into Articulo_mudanza Values(DEFAULT,3,'Televisor','Sony',2,1,200);
Insert Into Articulo_mudanza Values(DEFAULT,3,'Cocina','Mabe',3,1,400);
Insert Into Articulo_mudanza Values(DEFAULT,4,'Televisor','Sony',2,1,200);
Insert Into Articulo_mudanza Values(DEFAULT,4,'Lavadora','Mabe',3,1,400);
Insert Into Articulo_mudanza Values(DEFAULT,5,'Televisor','Sony',2,1,200);
Insert Into Articulo_mudanza Values(DEFAULT,5,'Nevera','Mabe',3,1,400);
Insert Into Articulo_mudanza Values(DEFAULT,6,'Televisor','Sony',2,1,200);
Insert Into Articulo_mudanza Values(DEFAULT,6,'Lavadora','Mabe',3,1,400);
Insert Into Articulo_mudanza Values(DEFAULT,7,'Televisor','Sony',2,1,200);
Insert Into Articulo_mudanza Values(DEFAULT,7,'Cocina','Mabe',3,1,400);
Insert Into Articulo_mudanza Values(DEFAULT,8,'Televisor','Sony',2,1,200);
Insert Into Articulo_mudanza Values(DEFAULT,8,'Lavadora','Mabe',3,1,400);
Insert Into Articulo_mudanza Values(DEFAULT,9,'Televisor','Sony',2,1,200);
Insert Into Articulo_mudanza Values(DEFAULT,9,'Lavadora','Mabe',3,1,400);
Insert Into Articulo_mudanza Values(DEFAULT,10,'Televisor','Sony',2,1,200);
Insert Into Articulo_mudanza Values(DEFAULT,10,'Lavadora','Mabe',3,1,400);
Insert Into Articulo_mudanza Values(DEFAULT,11,'Televisor','Sony',2,1,200);
Insert Into Articulo_mudanza Values(DEFAULT,11,'Nevera','Mabe',3,1,400);
Insert Into Articulo_mudanza Values(DEFAULT,12,'Televisor','Sony',2,1,200);
Insert Into Articulo_mudanza Values(DEFAULT,12,'Nevera','Mabe',3,1,400);



Insert Into Vehiculo_mudanza Values(DEFAULT,1,1);
Insert Into Vehiculo_mudanza Values(DEFAULT,2,2);
Insert Into Vehiculo_mudanza Values(DEFAULT,3,1);
Insert Into Vehiculo_mudanza Values(DEFAULT,4,3);
Insert Into Vehiculo_mudanza Values(DEFAULT,5,1);
Insert Into Vehiculo_mudanza Values(DEFAULT,6,4);
Insert Into Vehiculo_mudanza Values(DEFAULT,7,5);
Insert Into Vehiculo_mudanza Values(DEFAULT,8,6);
Insert Into Vehiculo_mudanza Values(DEFAULT,9,1);
Insert Into Vehiculo_mudanza Values(DEFAULT,10,7);
Insert Into Vehiculo_mudanza Values(DEFAULT,11,4);
Insert Into Vehiculo_mudanza Values(DEFAULT,12,4);


Insert Into Vehiculo_mantenimiento Values(DEFAULT,1,'2019-09-16');
Insert Into Vehiculo_mantenimiento Values(DEFAULT,2,'2019-08-15');
Insert Into Vehiculo_mantenimiento Values(DEFAULT,3,'2019-10-20');
Insert Into Vehiculo_mantenimiento Values(DEFAULT,4,'2019-06-15');
Insert Into Vehiculo_mantenimiento Values(DEFAULT,5,'2019-02-11');
Insert Into Vehiculo_mantenimiento Values(DEFAULT,6,'2019-11-18');
Insert Into Vehiculo_mantenimiento Values(DEFAULT,7,'2019-12-06');


-- Servicio #1`
Insert Into Empleado_asignado Values(DEFAULT,1,1,'1311021337');
Insert Into Empleado_asignado Values(DEFAULT,1,1,'1313253065');

-- Servicio #2`
Insert Into Empleado_asignado Values(DEFAULT,2,2,'1318305634');
Insert Into Empleado_asignado Values(DEFAULT,2,2,'1313888502');

-- Servicio #3`
Insert Into Empleado_asignado Values(DEFAULT,3,1,'1318305634');
Insert Into Empleado_asignado Values(DEFAULT,3,1,'1313888502');

-- Servicio #4`
Insert Into Empleado_asignado Values(DEFAULT,4,5,'1311021337');
Insert Into Empleado_asignado Values(DEFAULT,4,5,'1313253065');

-- Servicio #5`
Insert Into Empleado_asignado Values(DEFAULT,5,1,'1311021337');
Insert Into Empleado_asignado Values(DEFAULT,5,1,'1313253065');

-- Servicio #6`
Insert Into Empleado_asignado Values(DEFAULT,6,7,'1316740682');
Insert Into Empleado_asignado Values(DEFAULT,6,7,'1313253065');

-- Servicio #7`
Insert Into Empleado_asignado Values(DEFAULT,7,4,'1311632701');
Insert Into Empleado_asignado Values(DEFAULT,7,4,'1314315178');

-- Servicio #8`
Insert Into Empleado_asignado Values(DEFAULT,8,6,'1311021337');
Insert Into Empleado_asignado Values(DEFAULT,8,6,'1313253065');

-- Servicio #9`
Insert Into Empleado_asignado Values(DEFAULT,9,1,'1316740682');
Insert Into Empleado_asignado Values(DEFAULT,9,1,'1314077304');

-- Servicio #10`
Insert Into Empleado_asignado Values(DEFAULT,10,3,'1311021337');
Insert Into Empleado_asignado Values(DEFAULT,10,3,'1313253065');

-- Servicio #11`
Insert Into Empleado_asignado Values(DEFAULT,11,7,'1310204316');
Insert Into Empleado_asignado Values(DEFAULT,11,7,'1316771080');

-- Servicio #12`
Insert Into Empleado_asignado Values(DEFAULT,12,7,'1310204316');
Insert Into Empleado_asignado Values(DEFAULT,12,7,'1316771080');